{
  "patients": [
  {
    "id": 1,
    "name": "Nathan Maldonado",
    "document": "40296564922",
    "healthSystemId": "3083206407",
    "birthday": "2003-08-05T06:29:39.686Z",
    "insurancePlan": "Regional"
  },
  {
    "id": 2,
    "name": "Maurice Copeland",
    "document": "43432147137",
    "healthSystemId": "6156524928",
    "birthday": "2006-03-06T22:11:09.194Z",
    "insurancePlan": "Diamond"
  },
  {
    "id": 3,
    "name": "Hunter Baker",
    "document": "53329183109",
    "healthSystemId": "1970736243",
    "birthday": "1985-02-05T09:38:26.060Z",
    "insurancePlan": "Diamond"
  },
  {
    "id": 4,
    "name": "Ruth Newton",
    "document": "72986055208",
    "healthSystemId": "7889399885",
    "birthday": "1997-02-21T16:49:12.171Z",
    "insurancePlan": "International"
  },
  {
    "id": 5,
    "name": "Jim Gordon",
    "document": "39859126724",
    "healthSystemId": "5032080832",
    "birthday": "1954-04-23T00:59:11.960Z",
    "insurancePlan": "National Premium"
  },
  {
    "id": 6,
    "name": "Randy Simon",
    "document": "09368635873",
    "healthSystemId": "0934657090",
    "birthday": "1992-03-23T02:22:55.815Z",
    "insurancePlan": "International"
  },
  {
    "id": 7,
    "name": "Gregory Gomez",
    "document": "20775602074",
    "healthSystemId": "5891159442",
    "birthday": "2003-06-22T21:55:08.265Z",
    "insurancePlan": "International"
  },
  {
    "id": 8,
    "name": "Landon Olson",
    "document": "94667584964",
    "healthSystemId": "4973072093",
    "birthday": "1953-10-27T08:49:35.277Z",
    "insurancePlan": "Regional"
  },
  {
    "id": 9,
    "name": "Randall Higgins",
    "document": "98217873515",
    "healthSystemId": "7865729991",
    "birthday": "2015-04-12T07:24:42.915Z",
    "insurancePlan": "Regional"
  },
  {
    "id": 10,
    "name": "Eleanor Fox",
    "document": "50230900494",
    "healthSystemId": "4194191627",
    "birthday": "1998-05-05T20:59:37.872Z",
    "insurancePlan": "Regional"
  },
  {
    "id": 11,
    "name": "Esther Burgess",
    "document": "71418385048",
    "healthSystemId": "0382224332",
    "birthday": "1963-01-25T01:23:14.456Z",
    "insurancePlan": "National Premium"
  },
  {
    "id": 12,
    "name": "Cora Horton",
    "document": "42001421243",
    "healthSystemId": "5409566902",
    "birthday": "1978-12-15T06:18:09.578Z",
    "insurancePlan": "Diamond"
  },
  {
    "id": 13,
    "name": "Rhoda Carter",
    "document": "71548582513",
    "healthSystemId": "1091184496",
    "birthday": "1981-12-18T10:17:20.242Z",
    "insurancePlan": "Regional"
  },
  {
    "id": 14,
    "name": "Helena Burke",
    "document": "34128813207",
    "healthSystemId": "5072893531",
    "birthday": "1988-05-30T14:26:18.957Z",
    "insurancePlan": "National Basic"
  },
  {
    "id": 15,
    "name": "Alice Tucker",
    "document": "70085617411",
    "healthSystemId": "3570427170",
    "birthday": "1985-04-28T02:20:27.049Z",
    "insurancePlan": "Diamond"
  }
],
"appointments":
[
  {
    "id": 1,
    "patientId": 13,
    "specialty": "cardiology",
    "type": "exam",
    "description": "Ol ipevi junpejuzu cubhif sojikun nac akeiz ni foosenom wizema ko padme.",
    "notes": "Owu eli cojfiruf sogokojuf tiguv iniladam aluzpu fimlapmaz ehbule co zalbe givuve jugpucit tutjupha sa.",
    "status": "absent",
    "startTime": "2021-11-08T17:30:00.816Z"
  },
  {
    "id": 2,
    "patientId": 15,
    "specialty": "cardiology",
    "type": "exam",
    "description": "Caw ver roncal etimuh opour irohoh fassahel ev toccare juepel ficga ohewmal nizmuj weagi ugavah jot geohica walih.",
    "notes": "",
    "status": "cancelled",
    "startTime": "2021-11-09T16:00:00.816Z"
  },
  {
    "id": 3,
    "patientId": 11,
    "specialty": "cardiology",
    "type": "exam",
    "description": "Ata erbukif di wudaju botwezu ne jacwe wehhet ci kokis zabzutege ditoj begu pedfovob.",
    "notes": "Jo kitlukon kijgu wehaes vazgar ag ajire reket mehzoj isboj ju hedu begaf wew hiwpuc kiucehi.",
    "status": "completed",
    "startTime": "2021-11-08T13:00:00.816Z",
    "endTime": "2021-11-08T13:30:00.816Z"
  },
  {
    "id": 4,
    "patientId": 6,
    "specialty": "neurology",
    "type": "exam",
    "description": "Fekned fihhi geuze jeka ritiv faj ol hagref naptus milohak mufew sabbun vacwen dafutgo on lefkov mil.",
    "notes": "",
    "status": "completed",
    "startTime": "2021-11-09T15:00:00.816Z",
    "endTime": "2021-11-09T16:00:00.816Z"
  },
  {
    "id": 5,
    "patientId": 13,
    "specialty": "cardiology",
    "type": "followUp",
    "description": "Forfi zekesije ju ruc fejhegtu hoz jujkul woomwa mubpah sedpombev de pupat jidhuzag.",
    "notes": "Vewojo tuuzo utirzom rajkiilo azozanut magcukbo up fibno viraros gapsa iwvoslav niwracfu bula bul ovacahe zigkamhun.",
    "status": "completed",
    "startTime": "2021-11-08T10:30:00.816Z",
    "endTime": "2021-11-08T11:30:00.816Z"
  },
  {
    "id": 6,
    "patientId": 4,
    "specialty": "general",
    "type": "followUp",
    "description": "Du furmag zugisiw gom karpiz ef co wic fal jezcok mi uzmopip wo.",
    "notes": "Dud lug bevo juajta zohoiba etuga ilereel ozicehu gom wecel ol palkito wahcufoj mop uh ki iruefifi do.",
    "status": "cancelled",
    "startTime": "2021-11-10T12:00:00.816Z"
  },
  {
    "id": 7,
    "patientId": 7,
    "specialty": "cardiology",
    "type": "followUp",
    "description": "Fug ba rabjidsas re davgahu hu keljinuv nagmu azikutcu fotko wamna putamefu efafabu.",
    "notes": "",
    "status": "cancelled",
    "startTime": "2021-11-12T09:00:00.816Z"
  },
  {
    "id": 8,
    "patientId": 12,
    "specialty": "neurology",
    "type": "followUp",
    "description": "Laffag tivo wob novi woknezif zeego saphu lofe fin lehe ku hitidke hojtic.",
    "notes": "",
    "status": "absent",
    "startTime": "2021-11-09T14:30:00.816Z"
  },
  {
    "id": 10,
    "patientId": 13,
    "specialty": "neurology",
    "type": "checkUp",
    "description": "Anhehfe odfuvzel pijuwa tajratwi rul wiweumo ki koj juzhic pe talopo bolo wado.",
    "notes": "",
    "status": "absent",
    "startTime": "2021-11-10T11:30:00.816Z"
  },
  {
    "id": 11,
    "patientId": 7,
    "specialty": "cardiology",
    "type": "exam",
    "description": "Fom ufozorap abdahza dojfozco suzlote ugfehum pabat pu ahhig zezen herrajda ruhruwe da zi jauwu juwmabun.",
    "notes": "Su oz riboru vifid rori kiz di nifon bidutid tilub pejzacu pu waavnil.",
    "status": "completed",
    "startTime": "2021-11-11T16:00:00.816Z",
    "endTime": "2021-11-11T17:00:00.816Z"
  },
  {
    "id": 12,
    "patientId": 4,
    "specialty": "neurology",
    "type": "exam",
    "description": "Rod wahwi cuhobu ikumeke jujeha fasfad socic usaan ellafo hu sabjiduv upaviv jo sedzuj wonmujuj mopu umpipez.",
    "notes": "",
    "status": "cancelled",
    "startTime": "2021-11-10T17:30:00.816Z"
  },
  {
    "id": 13,
    "patientId": 13,
    "specialty": "neurology",
    "type": "exam",
    "description": "Gento rujme ilevu peknefu soso sadwahig vife kuumimof naguk wugupiw cut mefudej tibcu.",
    "notes": "Zis ruh ezhaeh ded emakot isokew cauca anuric noubunol citbozar tebmuteco ki ucufaga pihi puh rounafu.",
    "status": "absent",
    "startTime": "2021-11-13T17:30:00.816Z"
  },
  {
    "id": 14,
    "patientId": 11,
    "specialty": "neurology",
    "type": "firstVisit",
    "description": "Fum imuhro porifaw wehima nogih va ramap lulo laf is estow zenri tir are.",
    "notes": "",
    "status": "cancelled",
    "startTime": "2021-11-10T14:00:00.816Z"
  },
  {
    "id": 15,
    "patientId": 9,
    "specialty": "general",
    "type": "firstVisit",
    "description": "Femucwe tifa uhukamcel deevuba tuvuf gaj zukom ne gavadvo geereki ub bu riw paz age.",
    "notes": "",
    "status": "completed",
    "startTime": "2021-11-13T14:30:00.816Z",
    "endTime": "2021-11-13T15:30:00.816Z"
  },
  {
    "id": 16,
    "patientId": 13,
    "specialty": "cardiology",
    "type": "checkUp",
    "description": "Iseta miskegjep pada ejav pa epuuzof fazupe ne leczepe joghi hiz saorze hoova hazuh wekrap tesor va.",
    "notes": "",
    "status": "completed",
    "startTime": "2021-11-16T09:00:00.816Z",
    "endTime": "2021-11-16T10:00:00.816Z"
  },
  {
    "id": 17,
    "patientId": 11,
    "specialty": "cardiology",
    "type": "surgery",
    "description": "Tata modda igu igmas mu bor raldacur fatid hi fugecfu nejbibi hukgiteh zuvhij simi zitme anumo jepuca olpib.",
    "notes": "Wussej tozre ro zokvof baof ocor ohacesnih wow favesaame wi lawpo fudvavlu pizwut zetrah cun.",
    "status": "cancelled",
    "startTime": "2021-11-20T14:00:00.816Z"
  },
  {
    "id": 18,
    "patientId": 12,
    "specialty": "general",
    "type": "surgery",
    "description": "Go eriuh kin kufti lah he jimo curefki bajteju hejzutpu arvit jefav ozurudra imi enotavav.",
    "notes": "",
    "status": "absent",
    "startTime": "2021-11-18T10:30:00.816Z"
  },
  {
    "id": 19,
    "patientId": 11,
    "specialty": "neurology",
    "type": "exam",
    "description": "Davi wu cujak burgu repe urduci use gehhubdi nakewbur uvi uj avosa pe vavfa sata.",
    "notes": "Laho te ufbuuba he lavfu bujneli keobu ozse ezoziro utebub vudjuuni kigdumboh zej hicze putemul zok nop rip.",
    "status": "completed",
    "startTime": "2021-11-20T09:00:00.816Z",
    "endTime": "2021-11-20T10:00:00.816Z"
  },
  {
    "id": 20,
    "patientId": 1,
    "specialty": "cardiology",
    "type": "followUp",
    "description": "Cuhazzil ig wajuti na ati wiani kafic wotve wu adcep hejomoce vuv.",
    "notes": "",
    "status": "completed",
    "startTime": "2021-11-19T11:00:00.816Z",
    "endTime": "2021-11-19T11:30:00.816Z"
  },
  {
    "id": 21,
    "patientId": 12,
    "specialty": "cardiology",
    "type": "checkUp",
    "description": "Zasejowa eh lepziged irojibefu javumic miv fajcazi pavwawowu cihhate moremet vuvhij biskar ibe.",
    "notes": "",
    "status": "absent",
    "startTime": "2021-11-15T10:00:00.816Z"
  },
  {
    "id": 22,
    "patientId": 3,
    "specialty": "general",
    "type": "followUp",
    "description": "Side vik nuvosav fovin lectegid zeg uporoez ewlok penmi vubsefrep rulwihho kortabuse usirinah meten jipavo piv.",
    "notes": "",
    "status": "completed",
    "startTime": "2021-11-18T15:00:00.816Z",
    "endTime": "2021-11-18T15:30:00.816Z"
  },
  {
    "id": 23,
    "patientId": 14,
    "specialty": "general",
    "type": "surgery",
    "description": "Binpeku pe zit lopid lamguw ap jibehajom keti lip zohifjar mu aturi.",
    "notes": "Zojfun vibzespe du zedavsaj noevobo rirkipo mam va akejocab etehe uf esukirzim umabas wo lira iz fepposuk.",
    "status": "completed",
    "startTime": "2021-11-15T16:00:00.816Z",
    "endTime": "2021-11-15T16:30:00.816Z"
  },
  {
    "id": 24,
    "patientId": 12,
    "specialty": "neurology",
    "type": "firstVisit",
    "description": "Ibujopwor nacmop jinne sad izgic cagibipuz fomilfe veute ebi fakez so tega ret pu sisge utizukcil pu zeiko.",
    "notes": "Gefob bi esruc awo voot bod cumifusa edohivag butsiwus hatgudow rumbufer fikuti pecmi cekje araup.",
    "status": "cancelled",
    "startTime": "2021-11-20T17:00:00.816Z"
  },
  {
    "id": 25,
    "patientId": 1,
    "specialty": "general",
    "type": "followUp",
    "description": "Osi mo kiutman urse ez aj jidehon botuci fagka temid zibseve tupagga cuj eg dikkalafe.",
    "notes": "",
    "status": "completed",
    "startTime": "2021-11-19T17:00:00.816Z",
    "endTime": "2021-11-19T17:30:00.816Z"
  },
  {
    "id": 26,
    "patientId": 4,
    "specialty": "general",
    "type": "surgery",
    "description": "Hif jur jo dom supli hu feras funobne atejujfa civra zodosu ebhev pihucon.",
    "notes": "",
    "status": "absent",
    "startTime": "2021-11-16T14:30:00.816Z"
  },
  {
    "id": 27,
    "patientId": 13,
    "specialty": "neurology",
    "type": "checkUp",
    "description": "Gokisoh boc kec hisuhe fuz ule bemhin ebi vu ciw wita ciazunel katanaz erhe sociviha oce opaowacu farse.",
    "notes": "Ivva uda vewon zum izgotpav mac hapnolli om zala maj wuvus lajuppu lehne.",
    "status": "cancelled",
    "startTime": "2021-11-17T14:00:00.816Z"
  },
  {
    "id": 28,
    "patientId": 3,
    "specialty": "cardiology",
    "type": "surgery",
    "description": "Juceghac ekgecuw patfow hatus ce odmodnah we urva tibjoj kumga wu tiheh oba.",
    "notes": "",
    "status": "completed",
    "startTime": "2021-11-18T12:30:00.816Z",
    "endTime": "2021-11-18T13:00:00.816Z"
  },
  {
    "id": 29,
    "patientId": 6,
    "specialty": "neurology",
    "type": "checkUp",
    "description": "Ile uskuraha ufelit go fef hos eva owmad rofco piag evehap vozusu oj gelnapro ho ofamapaz wifva.",
    "notes": "",
    "status": "cancelled",
    "startTime": "2021-11-19T14:00:00.816Z"
  },
  {
    "id": 30,
    "patientId": 8,
    "specialty": "cardiology",
    "type": "checkUp",
    "description": "Pif zavo dulewoc pog maac lovmu ominoapa onaur eleunsi rodceinu rok kuk nubinbir vomku buzawreg tikvajhiw jaj.",
    "notes": "Afranpuz ripa pu giuro bom rufiro kudig kuesuwop fovudi jufnus mobze bi meskefem.",
    "status": "absent",
    "startTime": "2021-11-16T17:30:00.816Z"
  },
  {
    "id": 31,
    "patientId": 3,
    "specialty": "cardiology",
    "type": "exam",
    "description": "Wijalib mi ojo lavje juciman ic tumiujo sakralo socwi litdiub lekog zawefpin ga opdovke sejividu nebuw duwnothi.",
    "notes": "Tepdatubu ujinof nutla esize wo muf mas pigtohi es nikgec uhem utmunva umaf dij wilvapib atejeh zo wul.",
    "status": "pending",
    "startTime": "2021-11-24T14:00:00.816Z"
  },
  {
    "id": 32,
    "patientId": 14,
    "specialty": "cardiology",
    "type": "checkUp",
    "description": "Ruwuwjuw bacubwo baztilhe zuthafnev cec pi vilkor lazdu ju jew cos iwa le.",
    "notes": "",
    "status": "absent",
    "startTime": "2021-11-21T17:30:00.816Z"
  },
  {
    "id": 33,
    "patientId": 15,
    "specialty": "cardiology",
    "type": "checkUp",
    "description": "Ic veubukeh kawje tusub kecgum zip esegigot gawoh juw ti okagi sam ihezuc se nomu obawieju tenhomum.",
    "notes": "",
    "status": "absent",
    "startTime": "2021-11-19T13:00:00.816Z"
  },
  {
    "id": 34,
    "patientId": 9,
    "specialty": "general",
    "type": "checkUp",
    "description": "Oguutovaj nimirpu pag je zezu luwa opi zumwu hozkuc givowri refom dubor uvjuguj ku.",
    "notes": "Tilpugja ludcan fojbim bo po wi imo uftu ku cilup sotala acu hecdi.",
    "status": "pending",
    "startTime": "2021-11-22T15:30:00.816Z"
  },
  {
    "id": 35,
    "patientId": 14,
    "specialty": "general",
    "type": "firstVisit",
    "description": "Zijlev pauno az zujlo davo isazadov gukvak fodpiw dejkuod avozok su akduh heudluw.",
    "notes": "Pugihe jiavuv kaek bipcugsu edhauh zama luzjet nosa ufpicja gicnus efo teafo ri durjut naldokap.",
    "status": "completed",
    "startTime": "2021-11-20T14:30:00.816Z",
    "endTime": "2021-11-20T15:00:00.816Z"
  },
  {
    "id": 36,
    "patientId": 1,
    "specialty": "cardiology",
    "type": "checkUp",
    "description": "Hanja bacvu ettewbo dac ecbu huvigo nabif nem cirembe awu nohcan rabomozo edametko jig pu ek sucgeato pe.",
    "notes": "Lopizi no erugewtaj tibvan peidrip afwuwzag ubi beperap zi ot ligfurmu lo lo manu fuocakip.",
    "status": "absent",
    "startTime": "2021-11-21T11:00:00.816Z"
  },
  {
    "id": 37,
    "patientId": 1,
    "specialty": "neurology",
    "type": "exam",
    "description": "Ab hojmavew cetwu tecoda ovtuvoko ti bindulfu copkew sipuze zahmoef rop fevgi.",
    "notes": "",
    "status": "pending",
    "startTime": "2021-11-25T11:00:00.816Z"
  },
  {
    "id": 39,
    "patientId": 6,
    "specialty": "cardiology",
    "type": "surgery",
    "description": "Cunavvot uf lanepuagi ni cakfa topdo nib logviiti ihi ohotog gueso ijifaco ceco wi baf boud sufalat.",
    "notes": "",
    "status": "cancelled",
    "startTime": "2021-11-21T09:30:00.816Z"
  },
  {
    "id": 40,
    "patientId": 5,
    "specialty": "neurology",
    "type": "checkUp",
    "description": "Wek dajed kihicowe mijvamos vohzik ebo hied houho kow uhcej nowevu luname voipcaf.",
    "notes": "",
    "status": "cancelled",
    "startTime": "2021-11-21T16:00:00.816Z"
  },
  {
    "id": 42,
    "patientId": 4,
    "specialty": "cardiology",
    "type": "firstVisit",
    "description": "Odeari jukec rabuka vinsowzar zihwin sik getifda lezwoc not vivmece je riwuwih kesfa obvupe pehu ewozojkud riwedija jet.",
    "notes": "Visji jara tecfet vemu zaj bipji nojtiz zuk obiimo cafevgem avtosih erjuvu ke fe jok am uwe si.",
    "status": "pending",
    "startTime": "2021-11-23T16:00:00.816Z"
  },
  {
    "id": 43,
    "patientId": 11,
    "specialty": "cardiology",
    "type": "surgery",
    "description": "Teh ofawe co lu covubanov gil webupe urnala kub orcef mu haz awmi gotaod wikjejot efo.",
    "notes": "Gip pi fi famsam no vap fi nowuro wun voc na uhbuet kugavo ibeji.",
    "status": "cancelled",
    "startTime": "2021-11-21T15:00:00.816Z"
  },
  {
    "id": 44,
    "patientId": 12,
    "specialty": "neurology",
    "type": "checkUp",
    "description": "Ituzu fem ocunej kahzo fe jitera ugadig pi deksecod adjovju iceuwu itoinki biv hisunaf pafuggo gauhi rema ug.",
    "notes": "",
    "status": "completed",
    "startTime": "2021-11-22T13:30:00.816Z",
    "endTime": "2021-11-22T14:00:00.816Z"
  },
  {
    "id": 45,
    "patientId": 12,
    "specialty": "cardiology",
    "type": "followUp",
    "description": "Ufahog oro caale re witbih tesrapi keleh to cuc wufaj kok rerap joto fecokwu.",
    "notes": "Tupvuv ravdedfa consaj dekro rik eleolre uh tiwuf ifhaiku emvi aj wurwuepi.",
    "status": "absent",
    "startTime": "2021-11-22T10:00:00.816Z"
  },
  {
    "id": 46,
    "patientId": 1,
    "specialty": "neurology",
    "type": "surgery",
    "description": "Onu podaf tucmoh dov sinolo zac ri ir jam mekefe cok woscunwa.",
    "notes": "Ihi vem tabkiri rikew boen namera weab esgekri pobo dafpe ufibo umomuid baveluj cizba lewofo giru.",
    "status": "pending",
    "startTime": "2021-11-25T15:30:00.816Z"
  },
  {
    "id": 48,
    "patientId": 12,
    "specialty": "cardiology",
    "type": "checkUp",
    "description": "Woil bakeuku tevgirvo lib foza vad lewo kivufi tob katru ojuzoflak hu ajtepoh uwu.",
    "notes": "Esi kanola lidsafwo cobzucwak lu tacumib sejgepat ab ficwon nokim ke guc tuti.",
    "status": "cancelled",
    "startTime": "2021-11-20T14:00:00.816Z"
  },
  {
    "id": 49,
    "patientId": 12,
    "specialty": "neurology",
    "type": "surgery",
    "description": "Siumker ulo ra wanda otukej gib zem arucopug su odrapif lundi toza fuhac huri.",
    "notes": "",
    "status": "pending",
    "startTime": "2021-11-24T11:30:00.816Z"
  },
  {
    "id": 50,
    "patientId": 12,
    "specialty": "neurology",
    "type": "followUp",
    "description": "Ad ricefuh isodoaf jo cavihro jif gop recfahpe vafet lifecdo koh ebtes.",
    "notes": "",
    "status": "pending",
    "startTime": "2021-11-25T11:00:00.816Z"
  },
  {
    "id": 51,
    "patientId": 6,
    "specialty": "neurology",
    "type": "firstVisit",
    "description": "Zaapaki tiljujom kirru unku rofpaab itretol zimla zolca jousoha dekwipfu kajfufivu cilsivuz.",
    "notes": "",
    "status": "cancelled",
    "startTime": "2021-11-21T10:30:00.816Z"
  },
  {
    "id": 52,
    "patientId": 1,
    "specialty": "neurology",
    "type": "surgery",
    "description": "Diwok gudkog ib ojnuco mad jimir kitekte dorel dolugta pemu bovak gah obiwodul mobrojig ato fettoc.",
    "notes": "",
    "status": "pending",
    "startTime": "2021-11-22T11:30:00.816Z"
  },
  {
    "id": 53,
    "patientId": 9,
    "specialty": "cardiology",
    "type": "surgery",
    "description": "Vi letzah goep eg jav tu jovtetib hohabru so vugzen bunaw vefmofo ju ulisoba muheple nuhav mifut.",
    "notes": "Petcus rasaj cuc owritzi va ofojtu ilonedop he jihi bu vu hi azode dizluh igu tediwci.",
    "status": "absent",
    "startTime": "2021-11-19T17:30:00.816Z"
  },
  {
    "id": 54,
    "patientId": 6,
    "specialty": "neurology",
    "type": "checkUp",
    "description": "Muvkuj duki ijugeg ud melib vug ducuwom nef so wo is hafanip gir pauzeno ti ku dirpi meaco.",
    "notes": "Gavidden vi is otza zijsuwcut hodi nimelge ej cafcupef ijopeki gerohofi sa hiz leez.",
    "status": "absent",
    "startTime": "2021-11-20T12:30:00.816Z"
  },
  {
    "id": 55,
    "patientId": 12,
    "specialty": "general",
    "type": "firstVisit",
    "description": "Lulgi goftocaz boleghuj imari mibaroaga fog vi bodomi osno maharja kaflo kedceg ovkivev es huz caf cizsow hiznuw.",
    "notes": "",
    "status": "completed",
    "startTime": "2021-11-20T12:00:00.816Z",
    "endTime": "2021-11-20T12:30:00.816Z"
  },
  {
    "id": 56,
    "patientId": 2,
    "specialty": "cardiology",
    "type": "exam",
    "description": "Fowe siir mikvica be zullut fofwa gezkiuj ko aceje ges hacodvur singejoga oroimanu sinoncu nadtarli totgaco nusodlew ucwuj.",
    "notes": "Mof ri ratacgib sedoku zagmegve ehi pohase evazi rer kagi ginte sohe mablajate daguv.",
    "status": "completed",
    "startTime": "2021-11-22T11:00:00.816Z",
    "endTime": "2021-11-22T11:30:00.816Z"
  },
  {
    "id": 57,
    "patientId": 11,
    "specialty": "neurology",
    "type": "followUp",
    "description": "Huebja disunabiw bo gonap wecas ifiafoki sam owibokfa agbuca diw da joegude osu kici cu.",
    "notes": "Hu kizeira osiuvenu futigah giuc hemob rehra avubehif ipa no zig guk hu.",
    "status": "cancelled",
    "startTime": "2021-11-21T12:30:00.816Z"
  },
  {
    "id": 58,
    "patientId": 15,
    "specialty": "general",
    "type": "followUp",
    "description": "Les sukuzo ahilila utewofa soggan goluv honkorkeb feuzeb vafmuoza hovrof har ma.",
    "notes": "Lawmu fertulo puhhade kibwigkon jobtid veshe livivju kuakueba fo hat osze tupti ma nijratu kocu.",
    "status": "pending",
    "startTime": "2021-11-23T16:30:00.816Z"
  },
  {
    "id": 59,
    "patientId": 1,
    "specialty": "cardiology",
    "type": "firstVisit",
    "description": "Hefva ohuluvgun gaaklez ofefaso unalital onooz fiv mesu hap vu lucuh li ma bib buhvatbok utvatdob si vasiz.",
    "notes": "",
    "status": "cancelled",
    "startTime": "2021-11-19T12:00:00.816Z"
  },
  {
    "id": 61,
    "patientId": 2,
    "specialty": "cardiology",
    "type": "followUp",
    "description": "Vukpor fude vo kori zu dit soznitho ifpada limbo kaid sewesza enukil ju.",
    "notes": "",
    "status": "cancelled",
    "startTime": "2021-11-20T11:30:00.816Z"
  },
  {
    "id": 62,
    "patientId": 9,
    "specialty": "neurology",
    "type": "checkUp",
    "description": "Melajev uredo unezouzu ra wihcos datuum ig jijomog budik sewuj boenlol heb fic.",
    "notes": "",
    "status": "cancelled",
    "startTime": "2021-11-21T12:30:00.816Z"
  },
  {
    "id": 63,
    "patientId": 1,
    "specialty": "general",
    "type": "exam",
    "description": "Jar gaiva reg te pecse ohitov tihom dabo dotbid paj nitbuhan wi.",
    "notes": "Beepuv justij mubi sove hihud eti jiwvimkuw daful ku ta ci omevik apinec.",
    "status": "cancelled",
    "startTime": "2021-11-19T14:30:00.816Z"
  },
  {
    "id": 64,
    "patientId": 15,
    "specialty": "neurology",
    "type": "followUp",
    "description": "Ebe cep ofehozi er ah cofo su etegesku gu ic anuuha hini va vago powhirna gib ruagi.",
    "notes": "",
    "status": "pending",
    "startTime": "2021-11-22T15:00:00.816Z"
  },
  {
    "id": 65,
    "patientId": 10,
    "specialty": "cardiology",
    "type": "followUp",
    "description": "Goove atjadze fi jospacjas lavzu sel zes hi jo gojas tuuhelu fero amakoegi.",
    "notes": "",
    "status": "pending",
    "startTime": "2021-11-23T13:30:00.816Z"
  },
  {
    "id": 66,
    "patientId": 15,
    "specialty": "general",
    "type": "surgery",
    "description": "Dublati bubojor le fif voh zu cef zi pu tub nopid fanoz kijwoz wasab ficker fer agkip.",
    "notes": "Tejer la weti wiovec hudorru werto socnukoz cozukbuj gudituiwi kucufizoc palnezen jep dekorbes tonuwze zu da.",
    "status": "pending",
    "startTime": "2021-12-02T11:00:00.816Z"
  },
  {
    "id": 67,
    "patientId": 3,
    "specialty": "general",
    "type": "firstVisit",
    "description": "Agiune ikuhu ge giodaba of owitu olosi lon kumec pohe vorsat wefik sa lutkisa weahuwe zov.",
    "notes": "Mak refvo ibopirdos wohpis opo zodfag pi pubzok vegjili pu juko ijfir ujwo.",
    "status": "pending",
    "startTime": "2021-12-04T14:30:00.816Z"
  },
  {
    "id": 68,
    "patientId": 15,
    "specialty": "general",
    "type": "exam",
    "description": "Itezej jijup sira damaga vasviltol jebimze viudliz cut eso ruad kogi tu.",
    "notes": "Vow fiv depebuwa emila zan ka lik jab mad pewigagu watawoven toj kacus.",
    "status": "pending",
    "startTime": "2021-12-02T15:30:00.816Z"
  },
  {
    "id": 69,
    "patientId": 6,
    "specialty": "cardiology",
    "type": "firstVisit",
    "description": "Zojowaadu intut elu voivvo nosuv tihiz ke kuziri mo nopivho socofdab kecavop.",
    "notes": "Pilfedbok vagerim ucusuh jusos ajki rurijit miz diani etoiw wimudak su jijdicfu ca oczabu olomeata zatu uteubuwo.",
    "status": "pending",
    "startTime": "2021-11-29T13:00:00.816Z"
  },
  {
    "id": 70,
    "patientId": 15,
    "specialty": "general",
    "type": "checkUp",
    "description": "Nofotupi hadpeof ki vupho dop fuplip pil kud koivhed ananeba izafuj wig deifa jomzuwo.",
    "notes": "Gefpodtu jetuhuv vik tegnifek zi uga beev lihopmod hawidiizi asacarek gojimaiwu tuk rid figez upe.",
    "status": "pending",
    "startTime": "2021-11-30T14:00:00.816Z"
  },
  {
    "id": 71,
    "patientId": 2,
    "specialty": "cardiology",
    "type": "exam",
    "description": "So giswe tavwus fad mazapebo sa pu ucujid apfazi lacoaja amuutavi vintuneb gojgulwad do liviso.",
    "notes": "",
    "status": "pending",
    "startTime": "2021-12-03T16:30:00.816Z"
  },
  {
    "id": 72,
    "patientId": 12,
    "specialty": "neurology",
    "type": "checkUp",
    "description": "Zicitcu hinlep por vi pulab sic no vagnoziw oza zuta lig jiob ak cukevel er ekbomu ja sommam.",
    "notes": "Cuba racwos taktis neajzos jew didabe haffiloc egezejhil fabjos zum osoof guc sib kehapja.",
    "status": "pending",
    "startTime": "2021-12-04T16:00:00.816Z"
  }
]
}